{"_step":4690,"roc":{"path":"media/images/roc_4690_90a3a91fe646fe3b924b.png","format":"png","width":800,"height":600,"_type":"image-file","sha256":"90a3a91fe646fe3b924b552e88a4315432485cfd9c09ac6fc0a8b3f0cf563f56","size":55761},"train_accuracy":0.6875,"epoch_train_accuracy":0.8348880597014925,"images":{"size":1827,"path":"media/images/images_4652_c0c333c0aef48b0b7d4a.png","format":"png","width":152,"height":32,"caption":"Input images (grid)","_type":"image-file","sha256":"c0c333c0aef48b0b7d4a9dd8d7cf74cbe07e340e2409396ba881b6861445b1b6"},"final_f1":0.8342743429370967,"_timestamp":1.7677879928434567e+09,"epoch":4,"final_accuracy":0.8349666666666666,"epoch_train_loss":0.5276431476494778,"final_recall":0.8349666666666666,"gradients":{"values":[1,0,1,1,0,0,1,0,0,0,0,0,0,0,1,1,0,2,2,0,2,1,2,7,1,5,6,11,17,24,53,117,243,738,92105,265,123,83,45,20,25,10,9,4,8,5,6,1,1,4,2,0,3,2,1,1,1,0,0,0,0,0,0,1],"bins":[-0.35500314831733704,-0.34464505314826965,-0.33428695797920227,-0.3239288628101349,-0.3135707974433899,-0.3032127022743225,-0.2928546071052551,-0.28249651193618774,-0.27213841676712036,-0.261780321598053,-0.2514222264289856,-0.2410641461610794,-0.23070605099201202,-0.22034795582294464,-0.20998987555503845,-0.19963178038597107,-0.1892736852169037,-0.1789155900478363,-0.16855749487876892,-0.15819941461086273,-0.14784131944179535,-0.13748322427272797,-0.12712514400482178,-0.1167670488357544,-0.10640895366668701,-0.09605085849761963,-0.08569276332855225,-0.07533466815948486,-0.06497660279273987,-0.054618507623672485,-0.0442604124546051,-0.03390231728553772,-0.023544222116470337,-0.013186126947402954,-0.0028280317783355713,0.0075300633907318115,0.017888158559799194,0.02824622392654419,0.03860431909561157,0.048962414264678955,0.05932050943374634,0.06967860460281372,0.0800366997718811,0.09039479494094849,0.10075286030769348,0.11111095547676086,0.12146905064582825,0.13182714581489563,0.142185240983963,0.1525433361530304,0.16290143132209778,0.17325952649116516,0.18361762166023254,0.19397571682929993,0.2043338119983673,0.2146919071674347,0.2250499427318573,0.23540803790092468,0.24576613306999207,0.25612422823905945,0.26648232340812683,0.2768404185771942,0.2871985137462616,0.297556608915329,0.307914674282074],"_type":"histogram"},"_wandb":{"runtime":71},"final_precision":0.8343107547718779,"_runtime":71.0683251,"train_loss":0.7309566736221313}