{"epoch_train_loss":0.1967326399433116,"epoch_train_accuracy":0.9386333333333333,"train_accuracy":1,"roc":{"format":"png","width":800,"height":600,"_type":"image-file","sha256":"ff9161220b622e04a64b427582711396015fc6a4c06ff523d79bff8ed8ac01f9","size":45559,"path":"media/images/roc_9375_ff9161220b622e04a64b.png"},"final_accuracy":0.9386333333333333,"final_f1":0.9385876035869244,"gradients":{"_type":"histogram","values":[1,0,0,0,0,0,0,0,0,0,0,2,1,0,1,0,1,1,2,1,1,3,1,1,2,3,10,15,52,95,351,2787,87805,2119,491,140,38,13,5,3,3,0,0,4,2,1,1,1,0,0,1,1,0,2,0,0,0,0,0,0,0,0,0,1],"bins":[-1.1967757940292358,-1.1597820520401,-1.1227881908416748,-1.085794448852539,-1.0488005876541138,-1.011806845664978,-0.9748130440711975,-0.937819242477417,-0.9008254408836365,-0.863831639289856,-0.8268378376960754,-0.7898440361022949,-0.7528502941131592,-0.7158564329147339,-0.6788626909255981,-0.6418688893318176,-0.6048750877380371,-0.5678812861442566,-0.5308874845504761,-0.49389368295669556,-0.45689988136291504,-0.4199061393737793,-0.3829123377799988,-0.34591853618621826,-0.30892473459243774,-0.2719309329986572,-0.2349371314048767,-0.1979433298110962,-0.16094958782196045,-0.12395572662353516,-0.08696198463439941,-0.04996812343597412,-0.012974381446838379,0.024019360542297363,0.061013221740722656,0.0980069637298584,0.1350008249282837,0.17199456691741943,0.20898842811584473,0.24598217010498047,0.28297603130340576,0.3199697732925415,0.35696351528167725,0.39395737648010254,0.4309511184692383,0.4679449796676636,0.5049387216567993,0.5419325828552246,0.5789263248443604,0.6159200668334961,0.6529139280319214,0.6899076700210571,0.7269015312194824,0.7638952732086182,0.8008891344070435,0.8378828763961792,0.8748766183853149,0.9118703603744507,0.9488643407821655,0.9858580827713013,1.022851824760437,1.0598455667495728,1.0968395471572876,1.1338332891464233,1.1708271503448486]},"epoch":4,"_wandb":{"runtime":123},"final_precision":0.9386099004641151,"_timestamp":1.7677867964345412e+09,"_runtime":123.422327,"images":{"caption":"Input images (grid)","_type":"image-file","sha256":"d8f3a46b5b2fa0e30335bb6c752a69aa7d28d4d9ca5aaebea83055f6cef41ad6","size":2073,"path":"media/images/images_9300_d8f3a46b5b2fa0e30335.png","format":"png","width":152,"height":32},"train_loss":0.031563419848680496,"final_recall":0.9386333333333333,"_step":9375}