{"_step":9380,"final_accuracy":0.9590333333333333,"_wandb":{"runtime":133},"final_precision":0.9590242491369722,"final_recall":0.9590333333333333,"gradients":{"bins":[-0.0821586474776268,-0.08011622726917267,-0.07807380706071854,-0.0760313868522644,-0.07398895919322968,-0.07194653898477554,-0.06990411877632141,-0.06786169856786728,-0.06581927835941315,-0.06377685815095901,-0.06173443794250488,-0.05969201400876045,-0.05764959380030632,-0.05560717359185219,-0.05356474965810776,-0.051522329449653625,-0.04947990924119949,-0.04743748903274536,-0.04539506882429123,-0.0433526448905468,-0.04131022468209267,-0.039267804473638535,-0.037225380539894104,-0.03518296033143997,-0.03314054012298584,-0.031098119914531708,-0.029055699706077576,-0.027013275772333145,-0.024970855563879013,-0.02292843535542488,-0.02088601142168045,-0.01884359121322632,-0.016801171004772186,-0.014758750796318054,-0.012716330587863922,-0.01067391037940979,-0.008631490170955658,-0.006589062511920929,-0.004546642303466797,-0.002504222095012665,-0.0004618018865585327,0.0015806183218955994,0.0036230385303497314,0.0056654587388038635,0.0077078863978385925,0.009750306606292725,0.011792726814746857,0.013835147023200989,0.01587756723165512,0.017919987440109253,0.019962407648563385,0.022004827857017517,0.02404724806547165,0.026089675724506378,0.02813209593296051,0.030174516141414642,0.032216936349868774,0.034259356558322906,0.03630177676677704,0.03834419697523117,0.0403866246342659,0.04242904484272003,0.044471465051174164,0.0465138778090477,0.04855629801750183],"_type":"histogram","values":[1,1,0,0,1,0,0,0,0,0,0,0,0,0,0,2,1,0,0,0,0,0,3,0,2,1,0,2,2,7,8,7,14,22,45,72,147,360,989,5229,85101,1188,366,146,79,61,32,21,17,16,5,6,2,0,2,1,0,0,0,0,0,1,1,1]},"epoch_train_accuracy":0.959021855010661,"epoch":9,"train_loss":0.20473353564739227,"images":{"width":152,"height":32,"caption":"Input images (grid)","_type":"image-file","sha256":"33807bc8c672d38abb7ff949dd85b72d24c46748e55ce04c7e996abb9cced74c","size":1960,"path":"media/images/images_9342_33807bc8c672d38abb7f.png","format":"png"},"epoch_train_loss":0.12667046739150886,"_runtime":133.6353368,"_timestamp":1.7677874617334075e+09,"roc":{"format":"png","width":800,"height":600,"_type":"image-file","sha256":"f2b9bf12daab6d36da40d22ea8a1981f8abfd7496c4ed1103b84070f9afd8ddb","size":44678,"path":"media/images/roc_9380_f2b9bf12daab6d36da40.png"},"final_f1":0.9590180372131727,"train_accuracy":0.9375}