{"_wandb":{"runtime":11},"_runtime":11,"train_accuracy":0.15625,"_timestamp":1.7677836579487898e+09,"_step":0,"train_loss":2.291755199432373}