{"epoch_train_accuracy":0.9188321784361085,"_runtime":53.7676351,"epoch":4,"final_accuracy":0.9188666666666667,"final_precision":0.9188460956212353,"_wandb":{"runtime":53},"images":{"caption":"Input images (grid)","_type":"image-file","sha256":"dc70d5e30fac300e0f31b551e47c2f0fef4722a91a4cd8be6942129f3e347eb2","size":1403,"path":"media/images/images_2276_dc70d5e30fac300e0f31.png","format":"png","width":152,"height":32},"train_loss":0.4705698490142822,"roc":{"width":800,"height":600,"_type":"image-file","sha256":"3c81779b8c473e989451ac8794f8b5e762c439aeab1123794cc6b1714cca94df","size":48116,"path":"media/images/roc_2345_3c81779b8c473e989451.png","format":"png"},"_timestamp":1.767787896627793e+09,"train_accuracy":0.8541666865348816,"final_recall":0.9188666666666667,"epoch_train_loss":0.2613359799962054,"_step":2345,"gradients":{"_type":"histogram","values":[1,0,0,0,0,1,0,0,0,0,0,0,0,0,0,0,0,0,1,5,3,6,3,9,8,4,15,24,56,91,212,475,2142,89604,828,266,86,52,32,13,5,4,3,2,1,3,0,1,0,0,1,1,0,1,1,0,0,0,0,0,0,1,0,1],"bins":[-0.20863480865955353,-0.20236758887767792,-0.1961003690958023,-0.1898331493139267,-0.18356594443321228,-0.17729872465133667,-0.17103150486946106,-0.16476428508758545,-0.15849706530570984,-0.15222984552383423,-0.14596262574195862,-0.139695405960083,-0.1334281861782074,-0.1271609663963318,-0.12089376151561737,-0.11462654173374176,-0.10835932195186615,-0.10209210216999054,-0.09582488238811493,-0.08955767005681992,-0.08329044282436371,-0.07702323794364929,-0.07075601816177368,-0.06448879837989807,-0.05822157859802246,-0.05195435881614685,-0.04568713903427124,-0.03941991925239563,-0.03315271437168121,-0.026885494589805603,-0.020618274807929993,-0.014351055026054382,-0.008083835244178772,-0.0018166154623031616,0.004450604319572449,0.010717824101448059,0.01698504388332367,0.023252248764038086,0.029519468545913696,0.03578668832778931,0.04205392301082611,0.048321112990379333,0.054588332772254944,0.060855552554130554,0.06712277233600616,0.07338999211788177,0.07965721189975739,0.085924431681633,0.0921916514635086,0.09845887124538422,0.10472609102725983,0.11099331080913544,0.11726053059101105,0.12352775037288666,0.12979497015476227,0.13606218993663788,0.1423293799161911,0.1485965996980667,0.15486381947994232,0.16113103926181793,0.16739825904369354,0.17366547882556915,0.17993269860744476,0.18619991838932037,0.19246713817119598]},"final_f1":0.9188036954557688}