{"final_recall":0.9462666666666667,"gradients":{"_type":"histogram","values":[2,1,1,0,0,0,1,2,0,0,0,0,2,0,0,3,1,1,1,2,1,5,3,18,25,56,124,271,602,1778,20638,66642,2553,776,261,101,37,19,8,5,4,2,2,2,1,0,1,1,0,1,1,0,0,0,0,1,1,0,1,0,1,2,0,1],"bins":[-1.160465121269226,-1.123073935508728,-1.0856828689575195,-1.0482916831970215,-1.0109004974365234,-0.9735094308853149,-0.9361182451248169,-0.8987271189689636,-0.8613359928131104,-0.8239448666572571,-0.7865537405014038,-0.7491625547409058,-0.7117714285850525,-0.6743803024291992,-0.6369891166687012,-0.5995979905128479,-0.5622068643569946,-0.5248157382011414,-0.4874246120452881,-0.45003342628479004,-0.41264230012893677,-0.3752511739730835,-0.33785998821258545,-0.3004688620567322,-0.2630777359008789,-0.22568660974502563,-0.18829548358917236,-0.15090429782867432,-0.11351311206817627,-0.07612204551696777,-0.03873085975646973,-0.0013397932052612305,0.036051392555236816,0.07344257831573486,0.11083364486694336,0.1482248306274414,0.1856158971786499,0.22300708293914795,0.260398268699646,0.2977893352508545,0.33518052101135254,0.3725717067718506,0.4099627733230591,0.44735395908355713,0.4847451448440552,0.5221362113952637,0.5595273971557617,0.5969184637069702,0.6343096494674683,0.6717008352279663,0.7090919017791748,0.7464830875396729,0.7838741540908813,0.8212653398513794,0.8586565256118774,0.8960477113723755,0.9334388971328735,0.9708298444747925,1.0082210302352905,1.0456122159957886,1.0830034017562866,1.1203945875167847,1.1577855348587036,1.1951767206192017,1.2325680255889893]},"epoch_train_accuracy":0.9462666666666667,"images":{"_type":"image-file","sha256":"5c10d1ab266d3d3510b62e3d42a53d18fdf97616f9bea259a3fdec00046dd71f","size":1698,"path":"media/images/images_18675_5c10d1ab266d3d3510b6.png","format":"png","width":152,"height":32,"caption":"Input images (grid)"},"_wandb":{"runtime":183},"_runtime":183.4000501,"_timestamp":1.767787305152739e+09,"epoch":9,"_step":18750,"final_precision":0.9462565025635237,"final_accuracy":0.9462666666666667,"final_f1":0.9462294417812437,"train_loss":0.07507116347551346,"epoch_train_loss":0.17311569855771958,"train_accuracy":1,"roc":{"width":800,"height":600,"_type":"image-file","sha256":"c75cb8680695c0b3f47196327504b70946760ad8181075ba3b4b2b2fd5c789c8","size":44243,"path":"media/images/roc_18750_c75cb8680695c0b3f471.png","format":"png"}}