{"_wandb":{"runtime":54},"_runtime":54,"_timestamp":1.7677815067846208e+09,"_step":4689,"train_loss":0.22814039885997772,"train_accuracy":0.9375}