{"train_accuracy":1,"_runtime":207.420574,"epoch_train_loss":0.22239801621474325,"final_accuracy":0.9309666666666667,"final_precision":0.9308502699214973,"final_recall":0.9309666666666667,"roc":{"width":800,"height":600,"_type":"image-file","sha256":"d88e7c6b5e794c516cd8835f9c93fdb5e3eff5d7d14ba19e6db8eec3dd40a792","size":46205,"path":"media/images/roc_18750_d88e7c6b5e794c516cd8.png","format":"png"},"_wandb":{"runtime":207},"images":{"caption":"Input images (grid)","_type":"image-file","sha256":"fa398bf73dd13bbd2588435eea36770130b63162c0db1ddc66a006ef1af1133a","size":1504,"path":"media/images/images_18675_fa398bf73dd13bbd2588.png","format":"png","width":152,"height":32},"_step":18750,"epoch_train_accuracy":0.9309666666666667,"gradients":{"bins":[-1.217934012413025,-1.1767604351043701,-1.1355869770050049,-1.09441339969635,-1.0532398223876953,-1.0120662450790405,-0.9708927273750305,-0.9297192096710205,-0.8885456323623657,-0.8473720550537109,-0.8061985373497009,-0.7650250196456909,-0.7238514423370361,-0.6826778650283813,-0.6415043473243713,-0.6003308296203613,-0.5591572523117065,-0.5179836750030518,-0.47681015729904175,-0.43563663959503174,-0.39446306228637695,-0.35328948497772217,-0.31211596727371216,-0.27094244956970215,-0.22976887226104736,-0.18859529495239258,-0.1474217176437378,-0.10624825954437256,-0.06507468223571777,-0.02390110492706299,0.017272353172302246,0.05844593048095703,0.09961950778961182,0.1407930850982666,0.1819666624069214,0.22314012050628662,0.2643136978149414,0.3054872751235962,0.3466607332229614,0.3878343105316162,0.429007887840271,0.4701814651489258,0.5113550424575806,0.5525285005569458,0.5937020778656006,0.6348756551742554,0.6760491132736206,0.7172226905822754,0.7583962678909302,0.7995697259902954,0.8407434225082397,0.881916880607605,0.9230905771255493,0.9642640352249146,1.0054374933242798,1.0466111898422241,1.0877846479415894,1.1289581060409546,1.170131802558899,1.2113052606582642,1.2524787187576294,1.2936524152755737,1.334825873374939,1.3759995698928833,1.417172908782959],"_type":"histogram","values":[1,0,0,0,0,0,0,0,1,0,0,0,0,1,0,2,2,5,0,8,10,3,9,6,9,21,52,138,465,92233,682,157,51,30,15,15,6,4,3,6,4,4,4,1,0,1,1,2,1,0,0,0,1,1,1,0,0,0,0,0,1,0,0,5]},"train_loss":0.02150001935660839,"_timestamp":1.7677878183863854e+09,"final_f1":0.9308758327091438,"epoch":9}