{"_timestamp":1.7677884457004876e+09,"train_loss":0.18588609993457794,"roc":{"sha256":"74ec8283846b15472b3ab0cb0d624d5f15c7df92f415241c1830940246179d91","size":45675,"path":"media/images/roc_9375_74ec8283846b15472b3a.png","format":"png","width":800,"height":600,"_type":"image-file"},"epoch_train_accuracy":0.9414666666666667,"final_f1":0.9414100822371908,"train_accuracy":0.9375,"final_precision":0.9414197791741016,"final_recall":0.9414666666666667,"gradients":{"bins":[-0.5832857489585876,-0.565675675868988,-0.5480656027793884,-0.530455470085144,-0.5128453969955444,-0.4952353239059448,-0.4776252508163452,-0.4600151777267456,-0.4424050748348236,-0.4247949719429016,-0.407184898853302,-0.3895748257637024,-0.3719647526741028,-0.3543546497821808,-0.3367445766925812,-0.3191344738006592,-0.30152440071105957,-0.28391432762145996,-0.26630422472953796,-0.24869415163993835,-0.23108404874801636,-0.21347397565841675,-0.19586390256881714,-0.17825379967689514,-0.16064372658729553,-0.14303365349769592,-0.12542355060577393,-0.10781347751617432,-0.09020340442657471,-0.0725933313369751,-0.05498319864273071,-0.037373125553131104,-0.019763052463531494,-0.0021529793739318848,0.015457093715667725,0.03306722640991211,0.05067729949951172,0.06828737258911133,0.08589744567871094,0.10350751876831055,0.12111765146255493,0.13872772455215454,0.15633779764175415,0.17394787073135376,0.19155794382095337,0.20916801691055298,0.22677814960479736,0.24438822269439697,0.2619982957839966,0.2796083688735962,0.2972184419631958,0.3148285746574402,0.3324386477470398,0.3500487208366394,0.367658793926239,0.3852688670158386,0.40287894010543823,0.42048901319503784,0.43809908628463745,0.4557092785835266,0.4733193516731262,0.49092942476272583,0.5085394978523254,0.526149570941925,0.5437597036361694],"_type":"histogram","values":[1,0,0,0,0,1,1,0,2,0,0,0,0,1,0,0,1,2,3,1,0,2,1,3,7,20,29,68,115,203,377,1312,7995,79875,2783,611,280,127,76,30,15,4,2,0,1,0,3,4,0,0,2,0,2,0,0,0,1,0,0,0,0,0,0,1]},"_runtime":303.4812042,"_step":9375,"images":{"format":"png","width":152,"height":32,"caption":"Input images (grid)","_type":"image-file","sha256":"37d13e8567d444ed8f503087bc8c87b0786ad56db533af6dde995ca1a549eb08","size":1896,"path":"media/images/images_9300_37d13e8567d444ed8f50.png"},"epoch_train_loss":0.18935675567239524,"epoch":4,"_wandb":{"runtime":303},"final_accuracy":0.9414666666666667}