{"epoch":4,"epoch_train_accuracy":0.9465,"_runtime":271.98792,"images":{"width":152,"height":32,"caption":"Input images (grid)","_type":"image-file","sha256":"4e6b614ed0944c9396852bdaeb33e120f7a95392bf20713c3a4ec32520128450","size":1867,"path":"media/images/images_9300_4e6b614ed0944c939685.png","format":"png"},"_wandb":{"runtime":271},"_timestamp":1.7677871017388995e+09,"train_accuracy":0.8125,"final_precision":0.946505219873731,"gradients":{"values":[1,0,1,0,0,0,0,0,0,0,0,0,2,2,0,2,1,3,0,0,7,4,3,12,13,22,34,62,144,260,543,1863,88261,1609,512,258,133,68,44,29,24,17,6,5,3,2,2,2,1,2,0,2,2,0,0,0,0,0,0,0,0,0,0,1],"bins":[-0.5027779340744019,-0.48728975653648376,-0.4718015789985657,-0.4563134014606476,-0.4408252239227295,-0.4253370463848114,-0.4098488688468933,-0.3943606913089752,-0.37887251377105713,-0.36338433623313904,-0.34789615869522095,-0.33240798115730286,-0.31691980361938477,-0.3014316260814667,-0.2859434485435486,-0.2704552710056305,-0.2549670934677124,-0.2394789159297943,-0.22399073839187622,-0.20850256085395813,-0.19301438331604004,-0.17752620577812195,-0.16203802824020386,-0.14654985070228577,-0.13106167316436768,-0.11557349562644958,-0.1000853180885315,-0.0845971405506134,-0.06910896301269531,-0.05362078547477722,-0.03813260793685913,-0.02264443039894104,-0.007156252861022949,0.008331894874572754,0.023820102214813232,0.03930830955505371,0.054796457290649414,0.07028460502624512,0.0857728123664856,0.10126101970672607,0.11674916744232178,0.13223731517791748,0.14772552251815796,0.16321372985839844,0.17870187759399414,0.19419002532958984,0.20967823266983032,0.2251664400100708,0.2406545877456665,0.2561427354812622,0.2716309428215027,0.28711915016174316,0.30260729789733887,0.31809544563293457,0.33358365297317505,0.3490718603134155,0.36456000804901123,0.38004815578460693,0.3955363631248474,0.4110245704650879,0.4265127182006836,0.4420008659362793,0.4574890732765198,0.47297728061676025,0.48846539855003357],"_type":"histogram"},"epoch_train_loss":0.17100852099905411,"final_recall":0.9465,"final_f1":0.9464822099268095,"_step":9375,"train_loss":0.8142683506011963,"roc":{"size":44761,"path":"media/images/roc_9375_004046fd018d72a51fb3.png","format":"png","width":800,"height":600,"_type":"image-file","sha256":"004046fd018d72a51fb37369a7f09c3c178856467de79b981d35937df2227172"},"final_accuracy":0.9465}