{"train_accuracy":0.9375,"images":{"sha256":"ca318b023d3ad6f94c27d44bd0e2c01607804b38f553f58ec2b677f777da1db9","size":1645,"path":"media/images/images_4621_ca318b023d3ad6f94c27.png","format":"png","width":152,"height":32,"caption":"Input images (grid)","_type":"image-file"},"roc":{"size":45247,"path":"media/images/roc_4690_76e978ca9784e56a08ea.png","format":"png","width":800,"height":600,"_type":"image-file","sha256":"76e978ca9784e56a08ea86913c9fb58b31a7c22ec70b8ce909d0279f4d46bdcf"},"train_loss":0.1453927606344223,"gradients":{"bins":[-0.27876266837120056,-0.27211618423461914,-0.2654697299003601,-0.2588232457637787,-0.25217679142951965,-0.24553030729293823,-0.2388838529586792,-0.23223736882209778,-0.22559089958667755,-0.21894443035125732,-0.2122979611158371,-0.20565149188041687,-0.19900502264499664,-0.19235855340957642,-0.185712069272995,-0.17906561493873596,-0.17241913080215454,-0.1657726764678955,-0.1591261923313141,-0.15247972309589386,-0.14583325386047363,-0.1391867846250534,-0.13254031538963318,-0.12589384615421295,-0.11924737691879272,-0.1126009076833725,-0.10595443844795227,-0.09930795431137085,-0.09266148507595062,-0.0860150158405304,-0.07936854660511017,-0.07272207736968994,-0.06607560813426971,-0.05942913889884949,-0.05278266966342926,-0.04613620042800903,-0.039489731192588806,-0.03284326195716858,-0.026196777820587158,-0.019550323486328125,-0.012903839349746704,-0.006257385015487671,0.00038909912109375,0.007035583257675171,0.013682037591934204,0.020328521728515625,0.026974976062774658,0.03362146019935608,0.04026791453361511,0.04691439867019653,0.053560853004455566,0.06020733714103699,0.06685379147529602,0.07350027561187744,0.08014675974845886,0.0867932140827179,0.09343969821929932,0.10008615255355835,0.10673263669013977,0.1133790910243988,0.12002557516098022,0.12667202949523926,0.13331851363182068,0.1399649679660797,0.14661145210266113],"_type":"histogram","values":[2,1,1,2,0,0,2,0,1,0,1,0,2,2,0,0,0,1,1,0,1,2,0,0,0,1,1,1,2,4,3,1,4,9,5,16,16,43,83,176,440,89893,2518,361,169,76,35,18,23,15,8,4,6,3,4,2,1,0,0,1,0,0,0,1]},"final_f1":0.9343191924443093,"final_precision":0.934333252789697,"epoch_train_accuracy":0.9343683368869936,"final_accuracy":0.9343666666666667,"epoch_train_loss":0.20622242393810103,"_runtime":104.8664043,"_timestamp":1.7677875907013872e+09,"_wandb":{"runtime":104},"final_recall":0.9343666666666667,"epoch":9,"_step":4690}