{"epoch_train_loss":0.26156575345620514,"gradients":{"values":[1,0,0,0,0,0,0,0,0,0,0,2,0,0,1,0,0,0,1,2,2,1,0,0,0,0,1,2,3,3,5,3,5,6,11,13,32,50,154,561,91869,857,209,70,32,16,10,9,6,6,3,1,2,3,4,1,1,1,0,1,1,0,0,1],"bins":[-0.9740349650382996,-0.9500486254692078,-0.9260623455047607,-0.902076005935669,-0.8780896663665771,-0.8541033267974854,-0.8301170468330383,-0.8061307072639465,-0.7821443676948547,-0.7581580877304077,-0.7341717481613159,-0.7101854085922241,-0.6861990690231323,-0.6622127294540405,-0.6382264494895935,-0.6142401099205017,-0.5902538299560547,-0.5662674903869629,-0.5422811508178711,-0.5182948112487793,-0.4943085014820099,-0.4703221917152405,-0.4463358521461487,-0.4223495125770569,-0.39836323261260986,-0.37437689304351807,-0.35039055347442627,-0.32640427350997925,-0.30241793394088745,-0.27843159437179565,-0.25444525480270386,-0.23045897483825684,-0.20647263526916504,-0.18248629570007324,-0.15850001573562622,-0.13451367616653442,-0.11052733659744263,-0.08654099702835083,-0.06255471706390381,-0.03856837749481201,-0.014582037925720215,0.009404242038726807,0.033390581607818604,0.0573769211769104,0.0813632607460022,0.105349600315094,0.1293359398841858,0.15332216024398804,0.17730849981307983,0.20129483938217163,0.22528117895126343,0.24926751852035522,0.273253858089447,0.2972401976585388,0.32122641801834106,0.34521275758743286,0.36919909715652466,0.39318543672561646,0.41717177629470825,0.44115811586380005,0.46514445543289185,0.4891306757926941,0.5131170153617859,0.5371033549308777,0.5610896944999695],"_type":"histogram"},"_timestamp":1.7677881202297375e+09,"final_precision":0.921439136751838,"final_accuracy":0.9214666666666667,"_runtime":103.1063922,"epoch_train_accuracy":0.9214666666666667,"roc":{"format":"png","width":800,"height":600,"_type":"image-file","sha256":"22970306b272d9eb62229fd306d16774d2ce1d5a910b944ed14ff6d055a9e9de","size":48242,"path":"media/images/roc_9375_22970306b272d9eb6222.png"},"final_f1":0.921408004357184,"train_loss":1.1866211891174316,"train_accuracy":0.6875,"_wandb":{"runtime":103},"_step":9375,"final_recall":0.9214666666666667,"epoch":4,"images":{"height":32,"caption":"Input images (grid)","_type":"image-file","sha256":"a926dccd24cbf0e08f7d8d04d0407235c2dc8f8fdb6cab00213dd279cd244c7c","size":1756,"path":"media/images/images_9300_a926dccd24cbf0e08f7d.png","format":"png","width":152}}