{"final_precision":0.9381527853216765,"train_accuracy":0.875,"_step":4690,"final_recall":0.9381666666666667,"train_loss":0.28025582432746887,"epoch_train_loss":0.2034564877459124,"final_accuracy":0.9381666666666667,"epoch_train_accuracy":0.9381329957356077,"roc":{"height":600,"_type":"image-file","sha256":"4c3bd2aec2d6deccc0a83d5699e718068b2905935748d7a73f2d42624c159e43","size":44777,"path":"media/images/roc_4690_4c3bd2aec2d6deccc0a8.png","format":"png","width":800},"epoch":4,"images":{"caption":"Input images (grid)","_type":"image-file","sha256":"bae44999b4b1ceb794c53ed6a6744d00ae62d5a75712f226db652aac8ff2669c","size":1909,"path":"media/images/images_4652_bae44999b4b1ceb794c5.png","format":"png","width":152,"height":32},"final_f1":0.93813423067475,"_timestamp":1.7677846818300507e+09,"gradients":{"bins":[-0.46510857343673706,-0.450884073972702,-0.436659574508667,-0.42243507504463196,-0.4082105755805969,-0.3939860463142395,-0.37976154685020447,-0.36553704738616943,-0.3513125479221344,-0.33708804845809937,-0.32286354899406433,-0.3086390495300293,-0.2944145202636719,-0.28019005060195923,-0.2659655213356018,-0.2517410218715668,-0.23751652240753174,-0.2232920229434967,-0.20906752347946167,-0.19484302401542664,-0.1806185245513916,-0.16639399528503418,-0.15216949582099915,-0.1379449963569641,-0.12372049689292908,-0.10949599742889404,-0.09527149796485901,-0.08104699850082397,-0.06682246923446655,-0.05259796977043152,-0.038373470306396484,-0.02414897084236145,-0.009924471378326416,0.004300028085708618,0.018524527549743652,0.032749027013778687,0.04697352647781372,0.06119805574417114,0.07542252540588379,0.08964705467224121,0.10387152433395386,0.11809605360031128,0.1323205828666687,0.14654505252838135,0.16076958179473877,0.17499405145645142,0.18921858072280884,0.20344305038452148,0.2176675796508789,0.23189210891723633,0.24611657857894897,0.2603411078453064,0.27456557750701904,0.28879010677337646,0.3030145764350891,0.31723910570144653,0.33146363496780396,0.3456881046295166,0.359912633895874,0.37413710355758667,0.3883616328239441,0.40258610248565674,0.41681063175201416,0.4310351014137268,0.4452596604824066],"_type":"histogram","values":[1,0,0,0,0,3,0,2,2,0,1,4,1,1,1,0,5,3,6,5,8,8,11,7,10,18,33,51,82,135,363,1904,84772,4832,991,363,176,69,33,13,10,4,8,2,3,3,2,1,0,2,1,0,3,2,1,1,1,0,1,1,1,0,0,1]},"_wandb":{"runtime":118},"_runtime":118.5797011}